,Area name
0,Alabama
1,Autauga County
2,Baldwin County
3,Barbour County
4,Bibb County
5,Blount County
6,Bullock County
7,Butler County
8,Calhoun County
9,Chambers County
10,Cherokee County
11,Chilton County
12,Choctaw County
13,Clarke County
14,Clay County
15,Cleburne County
16,Coffee County
17,Colbert County
18,Conecuh County
19,Coosa County
20,Covington County
21,Crenshaw County
22,Cullman County
23,Dale County
24,Dallas County
25,DeKalb County
26,Elmore County
27,Escambia County
28,Etowah County
29,Fayette County
30,Franklin County
31,Geneva County
32,Greene County
33,Hale County
34,Henry County
35,Houston County
36,Jackson County
37,Jefferson County
38,Lamar County
39,Lauderdale County
40,Lawrence County
41,Lee County
42,Limestone County
43,Lowndes County
44,Macon County
45,Madison County
46,Marengo County
47,Marion County
48,Marshall County
49,Mobile County
50,Monroe County
51,Montgomery County
52,Morgan County
53,Perry County
54,Pickens County
55,Pike County
56,Randolph County
57,Russell County
58,St. Clair County
59,Shelby County
60,Sumter County
61,Talladega County
62,Tallapoosa County
63,Tuscaloosa County
64,Walker County
65,Washington County
66,Wilcox County
67,Winston County
68,Alaska
69,Aleutians East Borough
70,Aleutians West Census Area
71,Anchorage Municipality
72,Bethel Census Area
73,Bristol Bay Borough
74,Denali Borough
75,Dillingham Census Area
76,Fairbanks North Star Borough
77,Haines Borough
78,Hoonah-Angoon Census Area
79,Juneau City and Borough
80,Kenai Peninsula Borough
81,Ketchikan Gateway Borough
82,Kodiak Island Borough
83,Lake and Peninsula Borough
84,Matanuska-Susitna Borough
85,Nome Census Area
86,North Slope Borough
87,Northwest Arctic Borough
88,Petersburg Census Area
89,Prince of Wales-Hyder Census Area
90,Prince of Wales-Outer Ketchikan Census Area
91,Sitka City and Borough
92,Skagway Municipality
93,Skagway-Hoonah-Angoon Census Area
94,Southeast Fairbanks Census Area
95,Valdez-Cordova Census Area
96,Wade Hampton Census Area
97,Wrangell City and Borough
98,Wrangell-Petersburg Census Area
99,Yakutat City and Borough
100,Yukon-Koyukuk Census Area
101,Arizona
102,Apache County
103,Cochise County
104,Coconino County
105,Gila County
106,Graham County
107,Greenlee County
108,La Paz County
109,Maricopa County
110,Mohave County
111,Navajo County
112,Pima County
113,Pinal County
114,Santa Cruz County
115,Yavapai County
116,Yuma County
117,Arkansas
118,Arkansas County
119,Ashley County
120,Baxter County
121,Benton County
122,Boone County
123,Bradley County
124,Calhoun County
125,Carroll County
126,Chicot County
127,Clark County
128,Clay County
129,Cleburne County
130,Cleveland County
131,Columbia County
132,Conway County
133,Craighead County
134,Crawford County
135,Crittenden County
136,Cross County
137,Dallas County
138,Desha County
139,Drew County
140,Faulkner County
141,Franklin County
142,Fulton County
143,Garland County
144,Grant County
145,Greene County
146,Hempstead County
147,Hot Spring County
148,Howard County
149,Independence County
150,Izard County
151,Jackson County
152,Jefferson County
153,Johnson County
154,Lafayette County
155,Lawrence County
156,Lee County
157,Lincoln County
158,Little River County
159,Logan County
160,Lonoke County
161,Madison County
162,Marion County
163,Miller County
164,Mississippi County
165,Monroe County
166,Montgomery County
167,Nevada County
168,Newton County
169,Ouachita County
170,Perry County
171,Phillips County
172,Pike County
173,Poinsett County
174,Polk County
175,Pope County
176,Prairie County
177,Pulaski County
178,Randolph County
179,St. Francis County
180,Saline County
181,Scott County
182,Searcy County
183,Sebastian County
184,Sevier County
185,Sharp County
186,Stone County
187,Union County
188,Van Buren County
189,Washington County
190,White County
191,Woodruff County
192,Yell County
193,California
194,Alameda County
195,Alpine County
196,Amador County
197,Butte County
198,Calaveras County
199,Colusa County
200,Contra Costa County
201,Del Norte County
202,El Dorado County
203,Fresno County
204,Glenn County
205,Humboldt County
206,Imperial County
207,Inyo County
208,Kern County
209,Kings County
210,Lake County
211,Lassen County
212,Los Angeles County
213,Madera County
214,Marin County
215,Mariposa County
216,Mendocino County
217,Merced County
218,Modoc County
219,Mono County
220,Monterey County
221,Napa County
222,Nevada County
223,Orange County
224,Placer County
225,Plumas County
226,Riverside County
227,Sacramento County
228,San Benito County
229,San Bernardino County
230,San Diego County
231,San Francisco County
232,San Joaquin County
233,San Luis Obispo County
234,San Mateo County
235,Santa Barbara County
236,Santa Clara County
237,Santa Cruz County
238,Shasta County
239,Sierra County
240,Siskiyou County
241,Solano County
242,Sonoma County
243,Stanislaus County
244,Sutter County
245,Tehama County
246,Trinity County
247,Tulare County
248,Tuolumne County
249,Ventura County
250,Yolo County
251,Yuba County
252,Colorado
253,Adams County
254,Alamosa County
255,Arapahoe County
256,Archuleta County
257,Baca County
258,Bent County
259,Boulder County
260,Broomfield County
261,Chaffee County
262,Cheyenne County
263,Clear Creek County
264,Conejos County
265,Costilla County
266,Crowley County
267,Custer County
268,Delta County
269,Denver County
270,Dolores County
271,Douglas County
272,Eagle County
273,Elbert County
274,El Paso County
275,Fremont County
276,Garfield County
277,Gilpin County
278,Grand County
279,Gunnison County
280,Hinsdale County
281,Huerfano County
282,Jackson County
283,Jefferson County
284,Kiowa County
285,Kit Carson County
286,Lake County
287,La Plata County
288,Larimer County
289,Las Animas County
290,Lincoln County
291,Logan County
292,Mesa County
293,Mineral County
294,Moffat County
295,Montezuma County
296,Montrose County
297,Morgan County
298,Otero County
299,Ouray County
300,Park County
301,Phillips County
302,Pitkin County
303,Prowers County
304,Pueblo County
305,Rio Blanco County
306,Rio Grande County
307,Routt County
308,Saguache County
309,San Juan County
310,San Miguel County
311,Sedgwick County
312,Summit County
313,Teller County
314,Washington County
315,Weld County
316,Yuma County
317,Connecticut
318,Fairfield County
319,Hartford County
320,Litchfield County
321,Middlesex County
322,New Haven County
323,New London County
324,Tolland County
325,Windham County
326,Delaware
327,Kent County
328,New Castle County
329,Sussex County
330,District of Columbia
331,District of Columbia
332,Florida
333,Alachua County
334,Baker County
335,Bay County
336,Bradford County
337,Brevard County
338,Broward County
339,Calhoun County
340,Charlotte County
341,Citrus County
342,Clay County
343,Collier County
344,Columbia County
345,DeSoto County
346,Dixie County
347,Duval County
348,Escambia County
349,Flagler County
350,Franklin County
351,Gadsden County
352,Gilchrist County
353,Glades County
354,Gulf County
355,Hamilton County
356,Hardee County
357,Hendry County
358,Hernando County
359,Highlands County
360,Hillsborough County
361,Holmes County
362,Indian River County
363,Jackson County
364,Jefferson County
365,Lafayette County
366,Lake County
367,Lee County
368,Leon County
369,Levy County
370,Liberty County
371,Madison County
372,Manatee County
373,Marion County
374,Martin County
375,Miami-Dade County
376,Monroe County
377,Nassau County
378,Okaloosa County
379,Okeechobee County
380,Orange County
381,Osceola County
382,Palm Beach County
383,Pasco County
384,Pinellas County
385,Polk County
386,Putnam County
387,St. Johns County
388,St. Lucie County
389,Santa Rosa County
390,Sarasota County
391,Seminole County
392,Sumter County
393,Suwannee County
394,Taylor County
395,Union County
396,Volusia County
397,Wakulla County
398,Walton County
399,Washington County
400,Georgia
401,Appling County
402,Atkinson County
403,Bacon County
404,Baker County
405,Baldwin County
406,Banks County
407,Barrow County
408,Bartow County
409,Ben Hill County
410,Berrien County
411,Bibb County
412,Bleckley County
413,Brantley County
414,Brooks County
415,Bryan County
416,Bulloch County
417,Burke County
418,Butts County
419,Calhoun County
420,Camden County
421,Candler County
422,Carroll County
423,Catoosa County
424,Charlton County
425,Chatham County
426,Chattahoochee County
427,Chattooga County
428,Cherokee County
429,Clarke County
430,Clay County
431,Clayton County
432,Clinch County
433,Cobb County
434,Coffee County
435,Colquitt County
436,Columbia County
437,Cook County
438,Coweta County
439,Crawford County
440,Crisp County
441,Dade County
442,Dawson County
443,Decatur County
444,DeKalb County
445,Dodge County
446,Dooly County
447,Dougherty County
448,Douglas County
449,Early County
450,Echols County
451,Effingham County
452,Elbert County
453,Emanuel County
454,Evans County
455,Fannin County
456,Fayette County
457,Floyd County
458,Forsyth County
459,Franklin County
460,Fulton County
461,Gilmer County
462,Glascock County
463,Glynn County
464,Gordon County
465,Grady County
466,Greene County
467,Gwinnett County
468,Habersham County
469,Hall County
470,Hancock County
471,Haralson County
472,Harris County
473,Hart County
474,Heard County
475,Henry County
476,Houston County
477,Irwin County
478,Jackson County
479,Jasper County
480,Jeff Davis County
481,Jefferson County
482,Jenkins County
483,Johnson County
484,Jones County
485,Lamar County
486,Lanier County
487,Laurens County
488,Lee County
489,Liberty County
490,Lincoln County
491,Long County
492,Lowndes County
493,Lumpkin County
494,McDuffie County
495,McIntosh County
496,Macon County
497,Madison County
498,Marion County
499,Meriwether County
500,Miller County
501,Mitchell County
502,Monroe County
503,Montgomery County
504,Morgan County
505,Murray County
506,Muscogee County
507,Newton County
508,Oconee County
509,Oglethorpe County
510,Paulding County
511,Peach County
512,Pickens County
513,Pierce County
514,Pike County
515,Polk County
516,Pulaski County
517,Putnam County
518,Quitman County
519,Rabun County
520,Randolph County
521,Richmond County
522,Rockdale County
523,Schley County
524,Screven County
525,Seminole County
526,Spalding County
527,Stephens County
528,Stewart County
529,Sumter County
530,Talbot County
531,Taliaferro County
532,Tattnall County
533,Taylor County
534,Telfair County
535,Terrell County
536,Thomas County
537,Tift County
538,Toombs County
539,Towns County
540,Treutlen County
541,Troup County
542,Turner County
543,Twiggs County
544,Union County
545,Upson County
546,Walker County
547,Walton County
548,Ware County
549,Warren County
550,Washington County
551,Wayne County
552,Webster County
553,Wheeler County
554,White County
555,Whitfield County
556,Wilcox County
557,Wilkes County
558,Wilkinson County
559,Worth County
560,Hawaii
561,Hawaii County
562,Honolulu County
563,Kauai County
564,Maui County
565,Idaho
566,Ada County
567,Adams County
568,Bannock County
569,Bear Lake County
570,Benewah County
571,Bingham County
572,Blaine County
573,Boise County
574,Bonner County
575,Bonneville County
576,Boundary County
577,Butte County
578,Camas County
579,Canyon County
580,Caribou County
581,Cassia County
582,Clark County
583,Clearwater County
584,Custer County
585,Elmore County
586,Franklin County
587,Fremont County
588,Gem County
589,Gooding County
590,Idaho County
591,Jefferson County
592,Jerome County
593,Kootenai County
594,Latah County
595,Lemhi County
596,Lewis County
597,Lincoln County
598,Madison County
599,Minidoka County
600,Nez Perce County
601,Oneida County
602,Owyhee County
603,Payette County
604,Power County
605,Shoshone County
606,Teton County
607,Twin Falls County
608,Valley County
609,Washington County
610,Illinois
611,Adams County
612,Alexander County
613,Bond County
614,Boone County
615,Brown County
616,Bureau County
617,Calhoun County
618,Carroll County
619,Cass County
620,Champaign County
621,Christian County
622,Clark County
623,Clay County
624,Clinton County
625,Coles County
626,Cook County
627,Crawford County
628,Cumberland County
629,DeKalb County
630,De Witt County
631,Douglas County
632,DuPage County
633,Edgar County
634,Edwards County
635,Effingham County
636,Fayette County
637,Ford County
638,Franklin County
639,Fulton County
640,Gallatin County
641,Greene County
642,Grundy County
643,Hamilton County
644,Hancock County
645,Hardin County
646,Henderson County
647,Henry County
648,Iroquois County
649,Jackson County
650,Jasper County
651,Jefferson County
652,Jersey County
653,Jo Daviess County
654,Johnson County
655,Kane County
656,Kankakee County
657,Kendall County
658,Knox County
659,Lake County
660,La Salle County
661,Lawrence County
662,Lee County
663,Livingston County
664,Logan County
665,McDonough County
666,McHenry County
667,McLean County
668,Macon County
669,Macoupin County
670,Madison County
671,Marion County
672,Marshall County
673,Mason County
674,Massac County
675,Menard County
676,Mercer County
677,Monroe County
678,Montgomery County
679,Morgan County
680,Moultrie County
681,Ogle County
682,Peoria County
683,Perry County
684,Piatt County
685,Pike County
686,Pope County
687,Pulaski County
688,Putnam County
689,Randolph County
690,Richland County
691,Rock Island County
692,St. Clair County
693,Saline County
694,Sangamon County
695,Schuyler County
696,Scott County
697,Shelby County
698,Stark County
699,Stephenson County
700,Tazewell County
701,Union County
702,Vermilion County
703,Wabash County
704,Warren County
705,Washington County
706,Wayne County
707,White County
708,Whiteside County
709,Will County
710,Williamson County
711,Winnebago County
712,Woodford County
713,Indiana
714,Adams County
715,Allen County
716,Bartholomew County
717,Benton County
718,Blackford County
719,Boone County
720,Brown County
721,Carroll County
722,Cass County
723,Clark County
724,Clay County
725,Clinton County
726,Crawford County
727,Daviess County
728,Dearborn County
729,Decatur County
730,DeKalb County
731,Delaware County
732,Dubois County
733,Elkhart County
734,Fayette County
735,Floyd County
736,Fountain County
737,Franklin County
738,Fulton County
739,Gibson County
740,Grant County
741,Greene County
742,Hamilton County
743,Hancock County
744,Harrison County
745,Hendricks County
746,Henry County
747,Howard County
748,Huntington County
749,Jackson County
750,Jasper County
751,Jay County
752,Jefferson County
753,Jennings County
754,Johnson County
755,Knox County
756,Kosciusko County
757,LaGrange County
758,Lake County
759,LaPorte County
760,Lawrence County
761,Madison County
762,Marion County
763,Marshall County
764,Martin County
765,Miami County
766,Monroe County
767,Montgomery County
768,Morgan County
769,Newton County
770,Noble County
771,Ohio County
772,Orange County
773,Owen County
774,Parke County
775,Perry County
776,Pike County
777,Porter County
778,Posey County
779,Pulaski County
780,Putnam County
781,Randolph County
782,Ripley County
783,Rush County
784,St. Joseph County
785,Scott County
786,Shelby County
787,Spencer County
788,Starke County
789,Steuben County
790,Sullivan County
791,Switzerland County
792,Tippecanoe County
793,Tipton County
794,Union County
795,Vanderburgh County
796,Vermillion County
797,Vigo County
798,Wabash County
799,Warren County
800,Warrick County
801,Washington County
802,Wayne County
803,Wells County
804,White County
805,Whitley County
806,Iowa
807,Adair County
808,Adams County
809,Allamakee County
810,Appanoose County
811,Audubon County
812,Benton County
813,Black Hawk County
814,Boone County
815,Bremer County
816,Buchanan County
817,Buena Vista County
818,Butler County
819,Calhoun County
820,Carroll County
821,Cass County
822,Cedar County
823,Cerro Gordo County
824,Cherokee County
825,Chickasaw County
826,Clarke County
827,Clay County
828,Clayton County
829,Clinton County
830,Crawford County
831,Dallas County
832,Davis County
833,Decatur County
834,Delaware County
835,Des Moines County
836,Dickinson County
837,Dubuque County
838,Emmet County
839,Fayette County
840,Floyd County
841,Franklin County
842,Fremont County
843,Greene County
844,Grundy County
845,Guthrie County
846,Hamilton County
847,Hancock County
848,Hardin County
849,Harrison County
850,Henry County
851,Howard County
852,Humboldt County
853,Ida County
854,Iowa County
855,Jackson County
856,Jasper County
857,Jefferson County
858,Johnson County
859,Jones County
860,Keokuk County
861,Kossuth County
862,Lee County
863,Linn County
864,Louisa County
865,Lucas County
866,Lyon County
867,Madison County
868,Mahaska County
869,Marion County
870,Marshall County
871,Mills County
872,Mitchell County
873,Monona County
874,Monroe County
875,Montgomery County
876,Muscatine County
877,O'Brien County
878,Osceola County
879,Page County
880,Palo Alto County
881,Plymouth County
882,Pocahontas County
883,Polk County
884,Pottawattamie County
885,Poweshiek County
886,Ringgold County
887,Sac County
888,Scott County
889,Shelby County
890,Sioux County
891,Story County
892,Tama County
893,Taylor County
894,Union County
895,Van Buren County
896,Wapello County
897,Warren County
898,Washington County
899,Wayne County
900,Webster County
901,Winnebago County
902,Winneshiek County
903,Woodbury County
904,Worth County
905,Wright County
906,Kansas
907,Allen County
908,Anderson County
909,Atchison County
910,Barber County
911,Barton County
912,Bourbon County
913,Brown County
914,Butler County
915,Chase County
916,Chautauqua County
917,Cherokee County
918,Cheyenne County
919,Clark County
920,Clay County
921,Cloud County
922,Coffey County
923,Comanche County
924,Cowley County
925,Crawford County
926,Decatur County
927,Dickinson County
928,Doniphan County
929,Douglas County
930,Edwards County
931,Elk County
932,Ellis County
933,Ellsworth County
934,Finney County
935,Ford County
936,Franklin County
937,Geary County
938,Gove County
939,Graham County
940,Grant County
941,Gray County
942,Greeley County
943,Greenwood County
944,Hamilton County
945,Harper County
946,Harvey County
947,Haskell County
948,Hodgeman County
949,Jackson County
950,Jefferson County
951,Jewell County
952,Johnson County
953,Kearny County
954,Kingman County
955,Kiowa County
956,Labette County
957,Lane County
958,Leavenworth County
959,Lincoln County
960,Linn County
961,Logan County
962,Lyon County
963,McPherson County
964,Marion County
965,Marshall County
966,Meade County
967,Miami County
968,Mitchell County
969,Montgomery County
970,Morris County
971,Morton County
972,Nemaha County
973,Neosho County
974,Ness County
975,Norton County
976,Osage County
977,Osborne County
978,Ottawa County
979,Pawnee County
980,Phillips County
981,Pottawatomie County
982,Pratt County
983,Rawlins County
984,Reno County
985,Republic County
986,Rice County
987,Riley County
988,Rooks County
989,Rush County
990,Russell County
991,Saline County
992,Scott County
993,Sedgwick County
994,Seward County
995,Shawnee County
996,Sheridan County
997,Sherman County
998,Smith County
999,Stafford County
1000,Stanton County
1001,Stevens County
1002,Sumner County
1003,Thomas County
1004,Trego County
1005,Wabaunsee County
1006,Wallace County
1007,Washington County
1008,Wichita County
1009,Wilson County
1010,Woodson County
1011,Wyandotte County
1012,Kentucky
1013,Adair County
1014,Allen County
1015,Anderson County
1016,Ballard County
1017,Barren County
1018,Bath County
1019,Bell County
1020,Boone County
1021,Bourbon County
1022,Boyd County
1023,Boyle County
1024,Bracken County
1025,Breathitt County
1026,Breckinridge County
1027,Bullitt County
1028,Butler County
1029,Caldwell County
1030,Calloway County
1031,Campbell County
1032,Carlisle County
1033,Carroll County
1034,Carter County
1035,Casey County
1036,Christian County
1037,Clark County
1038,Clay County
1039,Clinton County
1040,Crittenden County
1041,Cumberland County
1042,Daviess County
1043,Edmonson County
1044,Elliott County
1045,Estill County
1046,Fayette County
1047,Fleming County
1048,Floyd County
1049,Franklin County
1050,Fulton County
1051,Gallatin County
1052,Garrard County
1053,Grant County
1054,Graves County
1055,Grayson County
1056,Green County
1057,Greenup County
1058,Hancock County
1059,Hardin County
1060,Harlan County
1061,Harrison County
1062,Hart County
1063,Henderson County
1064,Henry County
1065,Hickman County
1066,Hopkins County
1067,Jackson County
1068,Jefferson County
1069,Jessamine County
1070,Johnson County
1071,Kenton County
1072,Knott County
1073,Knox County
1074,Larue County
1075,Laurel County
1076,Lawrence County
1077,Lee County
1078,Leslie County
1079,Letcher County
1080,Lewis County
1081,Lincoln County
1082,Livingston County
1083,Logan County
1084,Lyon County
1085,McCracken County
1086,McCreary County
1087,McLean County
1088,Madison County
1089,Magoffin County
1090,Marion County
1091,Marshall County
1092,Martin County
1093,Mason County
1094,Meade County
1095,Menifee County
1096,Mercer County
1097,Metcalfe County
1098,Monroe County
1099,Montgomery County
1100,Morgan County
1101,Muhlenberg County
1102,Nelson County
1103,Nicholas County
1104,Ohio County
1105,Oldham County
1106,Owen County
1107,Owsley County
1108,Pendleton County
1109,Perry County
1110,Pike County
1111,Powell County
1112,Pulaski County
1113,Robertson County
1114,Rockcastle County
1115,Rowan County
1116,Russell County
1117,Scott County
1118,Shelby County
1119,Simpson County
1120,Spencer County
1121,Taylor County
1122,Todd County
1123,Trigg County
1124,Trimble County
1125,Union County
1126,Warren County
1127,Washington County
1128,Wayne County
1129,Webster County
1130,Whitley County
1131,Wolfe County
1132,Woodford County
1133,Lousiana
1134,Acadia Parish
1135,Allen Parish
1136,Ascension Parish
1137,Assumption Parish
1138,Avoyelles Parish
1139,Beauregard Parish
1140,Bienville Parish
1141,Bossier Parish
1142,Caddo Parish
1143,Calcasieu Parish
1144,Caldwell Parish
1145,Cameron Parish
1146,Catahoula Parish
1147,Claiborne Parish
1148,Concordia Parish
1149,De Soto Parish
1150,East Baton Rouge Parish
1151,East Carroll Parish
1152,East Feliciana Parish
1153,Evangeline Parish
1154,Franklin Parish
1155,Grant Parish
1156,Iberia Parish
1157,Iberville Parish
1158,Jackson Parish
1159,Jefferson Parish
1160,Jefferson Davis Parish
1161,Lafayette Parish
1162,Lafourche Parish
1163,La Salle Parish
1164,Lincoln Parish
1165,Livingston Parish
1166,Madison Parish
1167,Morehouse Parish
1168,Natchitoches Parish
1169,Orleans Parish
1170,Ouachita Parish
1171,Plaquemines Parish
1172,Pointe Coupee Parish
1173,Rapides Parish
1174,Red River Parish
1175,Richland Parish
1176,Sabine Parish
1177,St. Bernard Parish
1178,St. Charles Parish
1179,St. Helena Parish
1180,St. James Parish
1181,St. John the Baptist Parish
1182,St. Landry Parish
1183,St. Martin Parish
1184,St. Mary Parish
1185,St. Tammany Parish
1186,Tangipahoa Parish
1187,Tensas Parish
1188,Terrebonne Parish
1189,Union Parish
1190,Vermilion Parish
1191,Vernon Parish
1192,Washington Parish
1193,Webster Parish
1194,West Baton Rouge Parish
1195,West Carroll Parish
1196,West Feliciana Parish
1197,Winn Parish
1198,Maine
1199,Androscoggin County
1200,Aroostook County
1201,Cumberland County
1202,Franklin County
1203,Hancock County
1204,Kennebec County
1205,Knox County
1206,Lincoln County
1207,Oxford County
1208,Penobscot County
1209,Piscataquis County
1210,Sagadahoc County
1211,Somerset County
1212,Waldo County
1213,Washington County
1214,York County
1215,Maryland
1216,Allegany County
1217,Anne Arundel County
1218,Baltimore County
1219,Calvert County
1220,Caroline County
1221,Carroll County
1222,Cecil County
1223,Charles County
1224,Dorchester County
1225,Frederick County
1226,Garrett County
1227,Harford County
1228,Howard County
1229,Kent County
1230,Montgomery County
1231,Prince George's County
1232,Queen Anne's County
1233,St. Mary's County
1234,Somerset County
1235,Talbot County
1236,Washington County
1237,Wicomico County
1238,Worcester County
1239,Baltimore city
1240,Massachusetts
1241,Barnstable County
1242,Berkshire County
1243,Bristol County
1244,Dukes County
1245,Essex County
1246,Franklin County
1247,Hampden County
1248,Hampshire County
1249,Middlesex County
1250,Nantucket County
1251,Norfolk County
1252,Plymouth County
1253,Suffolk County
1254,Worcester County
1255,Michigan
1256,Alcona County
1257,Alger County
1258,Allegan County
1259,Alpena County
1260,Antrim County
1261,Arenac County
1262,Baraga County
1263,Barry County
1264,Bay County
1265,Benzie County
1266,Berrien County
1267,Branch County
1268,Calhoun County
1269,Cass County
1270,Charlevoix County
1271,Cheboygan County
1272,Chippewa County
1273,Clare County
1274,Clinton County
1275,Crawford County
1276,Delta County
1277,Dickinson County
1278,Eaton County
1279,Emmet County
1280,Genesee County
1281,Gladwin County
1282,Gogebic County
1283,Grand Traverse County
1284,Gratiot County
1285,Hillsdale County
1286,Houghton County
1287,Huron County
1288,Ingham County
1289,Ionia County
1290,Iosco County
1291,Iron County
1292,Isabella County
1293,Jackson County
1294,Kalamazoo County
1295,Kalkaska County
1296,Kent County
1297,Keweenaw County
1298,Lake County
1299,Lapeer County
1300,Leelanau County
1301,Lenawee County
1302,Livingston County
1303,Luce County
1304,Mackinac County
1305,Macomb County
1306,Manistee County
1307,Marquette County
1308,Mason County
1309,Mecosta County
1310,Menominee County
1311,Midland County
1312,Missaukee County
1313,Monroe County
1314,Montcalm County
1315,Montmorency County
1316,Muskegon County
1317,Newaygo County
1318,Oakland County
1319,Oceana County
1320,Ogemaw County
1321,Ontonagon County
1322,Osceola County
1323,Oscoda County
1324,Otsego County
1325,Ottawa County
1326,Presque Isle County
1327,Roscommon County
1328,Saginaw County
1329,St. Clair County
1330,St. Joseph County
1331,Sanilac County
1332,Schoolcraft County
1333,Shiawassee County
1334,Tuscola County
1335,Van Buren County
1336,Washtenaw County
1337,Wayne County
1338,Wexford County
1339,Minnesota
1340,Aitkin County
1341,Anoka County
1342,Becker County
1343,Beltrami County
1344,Benton County
1345,Big Stone County
1346,Blue Earth County
1347,Brown County
1348,Carlton County
1349,Carver County
1350,Cass County
1351,Chippewa County
1352,Chisago County
1353,Clay County
1354,Clearwater County
1355,Cook County
1356,Cottonwood County
1357,Crow Wing County
1358,Dakota County
1359,Dodge County
1360,Douglas County
1361,Faribault County
1362,Fillmore County
1363,Freeborn County
1364,Goodhue County
1365,Grant County
1366,Hennepin County
1367,Houston County
1368,Hubbard County
1369,Isanti County
1370,Itasca County
1371,Jackson County
1372,Kanabec County
1373,Kandiyohi County
1374,Kittson County
1375,Koochiching County
1376,Lac qui Parle County
1377,Lake County
1378,Lake of the Woods County
1379,Le Sueur County
1380,Lincoln County
1381,Lyon County
1382,McLeod County
1383,Mahnomen County
1384,Marshall County
1385,Martin County
1386,Meeker County
1387,Mille Lacs County
1388,Morrison County
1389,Mower County
1390,Murray County
1391,Nicollet County
1392,Nobles County
1393,Norman County
1394,Olmsted County
1395,Otter Tail County
1396,Pennington County
1397,Pine County
1398,Pipestone County
1399,Polk County
1400,Pope County
1401,Ramsey County
1402,Red Lake County
1403,Redwood County
1404,Renville County
1405,Rice County
1406,Rock County
1407,Roseau County
1408,St. Louis County
1409,Scott County
1410,Sherburne County
1411,Sibley County
1412,Stearns County
1413,Steele County
1414,Stevens County
1415,Swift County
1416,Todd County
1417,Traverse County
1418,Wabasha County
1419,Wadena County
1420,Waseca County
1421,Washington County
1422,Watonwan County
1423,Wilkin County
1424,Winona County
1425,Wright County
1426,Yellow Medicine County
1427,Mississippi
1428,Adams County
1429,Alcorn County
1430,Amite County
1431,Attala County
1432,Benton County
1433,Bolivar County
1434,Calhoun County
1435,Carroll County
1436,Chickasaw County
1437,Choctaw County
1438,Claiborne County
1439,Clarke County
1440,Clay County
1441,Coahoma County
1442,Copiah County
1443,Covington County
1444,DeSoto County
1445,Forrest County
1446,Franklin County
1447,George County
1448,Greene County
1449,Grenada County
1450,Hancock County
1451,Harrison County
1452,Hinds County
1453,Holmes County
1454,Humphreys County
1455,Issaquena County
1456,Itawamba County
1457,Jackson County
1458,Jasper County
1459,Jefferson County
1460,Jefferson Davis County
1461,Jones County
1462,Kemper County
1463,Lafayette County
1464,Lamar County
1465,Lauderdale County
1466,Lawrence County
1467,Leake County
1468,Lee County
1469,Leflore County
1470,Lincoln County
1471,Lowndes County
1472,Madison County
1473,Marion County
1474,Marshall County
1475,Monroe County
1476,Montgomery County
1477,Neshoba County
1478,Newton County
1479,Noxubee County
1480,Oktibbeha County
1481,Panola County
1482,Pearl River County
1483,Perry County
1484,Pike County
1485,Pontotoc County
1486,Prentiss County
1487,Quitman County
1488,Rankin County
1489,Scott County
1490,Sharkey County
1491,Simpson County
1492,Smith County
1493,Stone County
1494,Sunflower County
1495,Tallahatchie County
1496,Tate County
1497,Tippah County
1498,Tishomingo County
1499,Tunica County
1500,Union County
1501,Walthall County
1502,Warren County
1503,Washington County
1504,Wayne County
1505,Webster County
1506,Wilkinson County
1507,Winston County
1508,Yalobusha County
1509,Yazoo County
1510,Missouri
1511,Adair County
1512,Andrew County
1513,Atchison County
1514,Audrain County
1515,Barry County
1516,Barton County
1517,Bates County
1518,Benton County
1519,Bollinger County
1520,Boone County
1521,Buchanan County
1522,Butler County
1523,Caldwell County
1524,Callaway County
1525,Camden County
1526,Cape Girardeau County
1527,Carroll County
1528,Carter County
1529,Cass County
1530,Cedar County
1531,Chariton County
1532,Christian County
1533,Clark County
1534,Clay County
1535,Clinton County
1536,Cole County
1537,Cooper County
1538,Crawford County
1539,Dade County
1540,Dallas County
1541,Daviess County
1542,DeKalb County
1543,Dent County
1544,Douglas County
1545,Dunklin County
1546,Franklin County
1547,Gasconade County
1548,Gentry County
1549,Greene County
1550,Grundy County
1551,Harrison County
1552,Henry County
1553,Hickory County
1554,Holt County
1555,Howard County
1556,Howell County
1557,Iron County
1558,Jackson County
1559,Jasper County
1560,Jefferson County
1561,Johnson County
1562,Knox County
1563,Laclede County
1564,Lafayette County
1565,Lawrence County
1566,Lewis County
1567,Lincoln County
1568,Linn County
1569,Livingston County
1570,McDonald County
1571,Macon County
1572,Madison County
1573,Maries County
1574,Marion County
1575,Mercer County
1576,Miller County
1577,Mississippi County
1578,Moniteau County
1579,Monroe County
1580,Montgomery County
1581,Morgan County
1582,New Madrid County
1583,Newton County
1584,Nodaway County
1585,Oregon County
1586,Osage County
1587,Ozark County
1588,Pemiscot County
1589,Perry County
1590,Pettis County
1591,Phelps County
1592,Pike County
1593,Platte County
1594,Polk County
1595,Pulaski County
1596,Putnam County
1597,Ralls County
1598,Randolph County
1599,Ray County
1600,Reynolds County
1601,Ripley County
1602,St. Charles County
1603,St. Clair County
1604,Ste. Genevieve County
1605,St. Francois County
1606,St. Louis County
1607,Saline County
1608,Schuyler County
1609,Scotland County
1610,Scott County
1611,Shannon County
1612,Shelby County
1613,Stoddard County
1614,Stone County
1615,Sullivan County
1616,Taney County
1617,Texas County
1618,Vernon County
1619,Warren County
1620,Washington County
1621,Wayne County
1622,Webster County
1623,Worth County
1624,Wright County
1625,St. Louis city
1626,Montana
1627,Beaverhead County
1628,Big Horn County
1629,Blaine County
1630,Broadwater County
1631,Carbon County
1632,Carter County
1633,Cascade County
1634,Chouteau County
1635,Custer County
1636,Daniels County
1637,Dawson County
1638,Deer Lodge County
1639,Fallon County
1640,Fergus County
1641,Flathead County
1642,Gallatin County
1643,Garfield County
1644,Glacier County
1645,Golden Valley County
1646,Granite County
1647,Hill County
1648,Jefferson County
1649,Judith Basin County
1650,Lake County
1651,Lewis and Clark County
1652,Liberty County
1653,Lincoln County
1654,McCone County
1655,Madison County
1656,Meagher County
1657,Mineral County
1658,Missoula County
1659,Musselshell County
1660,Park County
1661,Petroleum County
1662,Phillips County
1663,Pondera County
1664,Powder River County
1665,Powell County
1666,Prairie County
1667,Ravalli County
1668,Richland County
1669,Roosevelt County
1670,Rosebud County
1671,Sanders County
1672,Sheridan County
1673,Silver Bow County
1674,Stillwater County
1675,Sweet Grass County
1676,Teton County
1677,Toole County
1678,Treasure County
1679,Valley County
1680,Wheatland County
1681,Wibaux County
1682,Yellowstone County
1683,Nebraska
1684,Adams County
1685,Antelope County
1686,Arthur County
1687,Banner County
1688,Blaine County
1689,Boone County
1690,Box Butte County
1691,Boyd County
1692,Brown County
1693,Buffalo County
1694,Burt County
1695,Butler County
1696,Cass County
1697,Cedar County
1698,Chase County
1699,Cherry County
1700,Cheyenne County
1701,Clay County
1702,Colfax County
1703,Cuming County
1704,Custer County
1705,Dakota County
1706,Dawes County
1707,Dawson County
1708,Deuel County
1709,Dixon County
1710,Dodge County
1711,Douglas County
1712,Dundy County
1713,Fillmore County
1714,Franklin County
1715,Frontier County
1716,Furnas County
1717,Gage County
1718,Garden County
1719,Garfield County
1720,Gosper County
1721,Grant County
1722,Greeley County
1723,Hall County
1724,Hamilton County
1725,Harlan County
1726,Hayes County
1727,Hitchcock County
1728,Holt County
1729,Hooker County
1730,Howard County
1731,Jefferson County
1732,Johnson County
1733,Kearney County
1734,Keith County
1735,Keya Paha County
1736,Kimball County
1737,Knox County
1738,Lancaster County
1739,Lincoln County
1740,Logan County
1741,Loup County
1742,McPherson County
1743,Madison County
1744,Merrick County
1745,Morrill County
1746,Nance County
1747,Nemaha County
1748,Nuckolls County
1749,Otoe County
1750,Pawnee County
1751,Perkins County
1752,Phelps County
1753,Pierce County
1754,Platte County
1755,Polk County
1756,Red Willow County
1757,Richardson County
1758,Rock County
1759,Saline County
1760,Sarpy County
1761,Saunders County
1762,Scotts Bluff County
1763,Seward County
1764,Sheridan County
1765,Sherman County
1766,Sioux County
1767,Stanton County
1768,Thayer County
1769,Thomas County
1770,Thurston County
1771,Valley County
1772,Washington County
1773,Wayne County
1774,Webster County
1775,Wheeler County
1776,York County
1777,Nevada
1778,Churchill County
1779,Clark County
1780,Douglas County
1781,Elko County
1782,Esmeralda County
1783,Eureka County
1784,Humboldt County
1785,Lander County
1786,Lincoln County
1787,Lyon County
1788,Mineral County
1789,Nye County
1790,Pershing County
1791,Storey County
1792,Washoe County
1793,White Pine County
1794,Carson City
1795,New Hampshire
1796,Belknap County
1797,Carroll County
1798,Cheshire County
1799,Coos County
1800,Grafton County
1801,Hillsborough County
1802,Merrimack County
1803,Rockingham County
1804,Strafford County
1805,Sullivan County
1806,New Jersey
1807,Atlantic County
1808,Bergen County
1809,Burlington County
1810,Camden County
1811,Cape May County
1812,Cumberland County
1813,Essex County
1814,Gloucester County
1815,Hudson County
1816,Hunterdon County
1817,Mercer County
1818,Middlesex County
1819,Monmouth County
1820,Morris County
1821,Ocean County
1822,Passaic County
1823,Salem County
1824,Somerset County
1825,Sussex County
1826,Union County
1827,Warren County
1828,New Mexico
1829,Bernalillo County
1830,Catron County
1831,Chaves County
1832,Cibola County
1833,Colfax County
1834,Curry County
1835,De Baca County
1836,Dona Ana County
1837,Eddy County
1838,Grant County
1839,Guadalupe County
1840,Harding County
1841,Hidalgo County
1842,Lea County
1843,Lincoln County
1844,Los Alamos County
1845,Luna County
1846,McKinley County
1847,Mora County
1848,Otero County
1849,Quay County
1850,Rio Arriba County
1851,Roosevelt County
1852,Sandoval County
1853,San Juan County
1854,San Miguel County
1855,Santa Fe County
1856,Sierra County
1857,Socorro County
1858,Taos County
1859,Torrance County
1860,Union County
1861,Valencia County
1862,New York
1863,Albany County
1864,Allegany County
1865,Bronx County
1866,Broome County
1867,Cattaraugus County
1868,Cayuga County
1869,Chautauqua County
1870,Chemung County
1871,Chenango County
1872,Clinton County
1873,Columbia County
1874,Cortland County
1875,Delaware County
1876,Dutchess County
1877,Erie County
1878,Essex County
1879,Franklin County
1880,Fulton County
1881,Genesee County
1882,Greene County
1883,Hamilton County
1884,Herkimer County
1885,Jefferson County
1886,Kings County
1887,Lewis County
1888,Livingston County
1889,Madison County
1890,Monroe County
1891,Montgomery County
1892,Nassau County
1893,New York County
1894,Niagara County
1895,Oneida County
1896,Onondaga County
1897,Ontario County
1898,Orange County
1899,Orleans County
1900,Oswego County
1901,Otsego County
1902,Putnam County
1903,Queens County
1904,Rensselaer County
1905,Richmond County
1906,Rockland County
1907,St. Lawrence County
1908,Saratoga County
1909,Schenectady County
1910,Schoharie County
1911,Schuyler County
1912,Seneca County
1913,Steuben County
1914,Suffolk County
1915,Sullivan County
1916,Tioga County
1917,Tompkins County
1918,Ulster County
1919,Warren County
1920,Washington County
1921,Wayne County
1922,Westchester County
1923,Wyoming County
1924,Yates County
1925,North Carolina
1926,Alamance County
1927,Alexander County
1928,Alleghany County
1929,Anson County
1930,Ashe County
1931,Avery County
1932,Beaufort County
1933,Bertie County
1934,Bladen County
1935,Brunswick County
1936,Buncombe County
1937,Burke County
1938,Cabarrus County
1939,Caldwell County
1940,Camden County
1941,Carteret County
1942,Caswell County
1943,Catawba County
1944,Chatham County
1945,Cherokee County
1946,Chowan County
1947,Clay County
1948,Cleveland County
1949,Columbus County
1950,Craven County
1951,Cumberland County
1952,Currituck County
1953,Dare County
1954,Davidson County
1955,Davie County
1956,Duplin County
1957,Durham County
1958,Edgecombe County
1959,Forsyth County
1960,Franklin County
1961,Gaston County
1962,Gates County
1963,Graham County
1964,Granville County
1965,Greene County
1966,Guilford County
1967,Halifax County
1968,Harnett County
1969,Haywood County
1970,Henderson County
1971,Hertford County
1972,Hoke County
1973,Hyde County
1974,Iredell County
1975,Jackson County
1976,Johnston County
1977,Jones County
1978,Lee County
1979,Lenoir County
1980,Lincoln County
1981,McDowell County
1982,Macon County
1983,Madison County
1984,Martin County
1985,Mecklenburg County
1986,Mitchell County
1987,Montgomery County
1988,Moore County
1989,Nash County
1990,New Hanover County
1991,Northampton County
1992,Onslow County
1993,Orange County
1994,Pamlico County
1995,Pasquotank County
1996,Pender County
1997,Perquimans County
1998,Person County
1999,Pitt County
2000,Polk County
2001,Randolph County
2002,Richmond County
2003,Robeson County
2004,Rockingham County
2005,Rowan County
2006,Rutherford County
2007,Sampson County
2008,Scotland County
2009,Stanly County
2010,Stokes County
2011,Surry County
2012,Swain County
2013,Transylvania County
2014,Tyrrell County
2015,Union County
2016,Vance County
2017,Wake County
2018,Warren County
2019,Washington County
2020,Watauga County
2021,Wayne County
2022,Wilkes County
2023,Wilson County
2024,Yadkin County
2025,Yancey County
2026,North Dakota
2027,Adams County
2028,Barnes County
2029,Benson County
2030,Billings County
2031,Bottineau County
2032,Bowman County
2033,Burke County
2034,Burleigh County
2035,Cass County
2036,Cavalier County
2037,Dickey County
2038,Divide County
2039,Dunn County
2040,Eddy County
2041,Emmons County
2042,Foster County
2043,Golden Valley County
2044,Grand Forks County
2045,Grant County
2046,Griggs County
2047,Hettinger County
2048,Kidder County
2049,LaMoure County
2050,Logan County
2051,McHenry County
2052,McIntosh County
2053,McKenzie County
2054,McLean County
2055,Mercer County
2056,Morton County
2057,Mountrail County
2058,Nelson County
2059,Oliver County
2060,Pembina County
2061,Pierce County
2062,Ramsey County
2063,Ransom County
2064,Renville County
2065,Richland County
2066,Rolette County
2067,Sargent County
2068,Sheridan County
2069,Sioux County
2070,Slope County
2071,Stark County
2072,Steele County
2073,Stutsman County
2074,Towner County
2075,Traill County
2076,Walsh County
2077,Ward County
2078,Wells County
2079,Williams County
2080,Ohio
2081,Adams County
2082,Allen County
2083,Ashland County
2084,Ashtabula County
2085,Athens County
2086,Auglaize County
2087,Belmont County
2088,Brown County
2089,Butler County
2090,Carroll County
2091,Champaign County
2092,Clark County
2093,Clermont County
2094,Clinton County
2095,Columbiana County
2096,Coshocton County
2097,Crawford County
2098,Cuyahoga County
2099,Darke County
2100,Defiance County
2101,Delaware County
2102,Erie County
2103,Fairfield County
2104,Fayette County
2105,Franklin County
2106,Fulton County
2107,Gallia County
2108,Geauga County
2109,Greene County
2110,Guernsey County
2111,Hamilton County
2112,Hancock County
2113,Hardin County
2114,Harrison County
2115,Henry County
2116,Highland County
2117,Hocking County
2118,Holmes County
2119,Huron County
2120,Jackson County
2121,Jefferson County
2122,Knox County
2123,Lake County
2124,Lawrence County
2125,Licking County
2126,Logan County
2127,Lorain County
2128,Lucas County
2129,Madison County
2130,Mahoning County
2131,Marion County
2132,Medina County
2133,Meigs County
2134,Mercer County
2135,Miami County
2136,Monroe County
2137,Montgomery County
2138,Morgan County
2139,Morrow County
2140,Muskingum County
2141,Noble County
2142,Ottawa County
2143,Paulding County
2144,Perry County
2145,Pickaway County
2146,Pike County
2147,Portage County
2148,Preble County
2149,Putnam County
2150,Richland County
2151,Ross County
2152,Sandusky County
2153,Scioto County
2154,Seneca County
2155,Shelby County
2156,Stark County
2157,Summit County
2158,Trumbull County
2159,Tuscarawas County
2160,Union County
2161,Van Wert County
2162,Vinton County
2163,Warren County
2164,Washington County
2165,Wayne County
2166,Williams County
2167,Wood County
2168,Wyandot County
2169,Oklahoma
2170,Adair County
2171,Alfalfa County
2172,Atoka County
2173,Beaver County
2174,Beckham County
2175,Blaine County
2176,Bryan County
2177,Caddo County
2178,Canadian County
2179,Carter County
2180,Cherokee County
2181,Choctaw County
2182,Cimarron County
2183,Cleveland County
2184,Coal County
2185,Comanche County
2186,Cotton County
2187,Craig County
2188,Creek County
2189,Custer County
2190,Delaware County
2191,Dewey County
2192,Ellis County
2193,Garfield County
2194,Garvin County
2195,Grady County
2196,Grant County
2197,Greer County
2198,Harmon County
2199,Harper County
2200,Haskell County
2201,Hughes County
2202,Jackson County
2203,Jefferson County
2204,Johnston County
2205,Kay County
2206,Kingfisher County
2207,Kiowa County
2208,Latimer County
2209,Le Flore County
2210,Lincoln County
2211,Logan County
2212,Love County
2213,McClain County
2214,McCurtain County
2215,McIntosh County
2216,Major County
2217,Marshall County
2218,Mayes County
2219,Murray County
2220,Muskogee County
2221,Noble County
2222,Nowata County
2223,Okfuskee County
2224,Oklahoma County
2225,Okmulgee County
2226,Osage County
2227,Ottawa County
2228,Pawnee County
2229,Payne County
2230,Pittsburg County
2231,Pontotoc County
2232,Pottawatomie County
2233,Pushmataha County
2234,Roger Mills County
2235,Rogers County
2236,Seminole County
2237,Sequoyah County
2238,Stephens County
2239,Texas County
2240,Tillman County
2241,Tulsa County
2242,Wagoner County
2243,Washington County
2244,Washita County
2245,Woods County
2246,Woodward County
2247,Oregon
2248,Baker County
2249,Benton County
2250,Clackamas County
2251,Clatsop County
2252,Columbia County
2253,Coos County
2254,Crook County
2255,Curry County
2256,Deschutes County
2257,Douglas County
2258,Gilliam County
2259,Grant County
2260,Harney County
2261,Hood River County
2262,Jackson County
2263,Jefferson County
2264,Josephine County
2265,Klamath County
2266,Lake County
2267,Lane County
2268,Lincoln County
2269,Linn County
2270,Malheur County
2271,Marion County
2272,Morrow County
2273,Multnomah County
2274,Polk County
2275,Sherman County
2276,Tillamook County
2277,Umatilla County
2278,Union County
2279,Wallowa County
2280,Wasco County
2281,Washington County
2282,Wheeler County
2283,Yamhill County
2284,Pennsylvania
2285,Adams County
2286,Allegheny County
2287,Armstrong County
2288,Beaver County
2289,Bedford County
2290,Berks County
2291,Blair County
2292,Bradford County
2293,Bucks County
2294,Butler County
2295,Cambria County
2296,Cameron County
2297,Carbon County
2298,Centre County
2299,Chester County
2300,Clarion County
2301,Clearfield County
2302,Clinton County
2303,Columbia County
2304,Crawford County
2305,Cumberland County
2306,Dauphin County
2307,Delaware County
2308,Elk County
2309,Erie County
2310,Fayette County
2311,Forest County
2312,Franklin County
2313,Fulton County
2314,Greene County
2315,Huntingdon County
2316,Indiana County
2317,Jefferson County
2318,Juniata County
2319,Lackawanna County
2320,Lancaster County
2321,Lawrence County
2322,Lebanon County
2323,Lehigh County
2324,Luzerne County
2325,Lycoming County
2326,McKean County
2327,Mercer County
2328,Mifflin County
2329,Monroe County
2330,Montgomery County
2331,Montour County
2332,Northampton County
2333,Northumberland County
2334,Perry County
2335,Philadelphia County
2336,Pike County
2337,Potter County
2338,Schuylkill County
2339,Snyder County
2340,Somerset County
2341,Sullivan County
2342,Susquehanna County
2343,Tioga County
2344,Union County
2345,Venango County
2346,Warren County
2347,Washington County
2348,Wayne County
2349,Westmoreland County
2350,Wyoming County
2351,York County
2352,Rhode Island
2353,Bristol County
2354,Kent County
2355,Newport County
2356,Providence County
2357,Washington County
2358,South Carolina
2359,Abbeville County
2360,Aiken County
2361,Allendale County
2362,Anderson County
2363,Bamberg County
2364,Barnwell County
2365,Beaufort County
2366,Berkeley County
2367,Calhoun County
2368,Charleston County
2369,Cherokee County
2370,Chester County
2371,Chesterfield County
2372,Clarendon County
2373,Colleton County
2374,Darlington County
2375,Dillon County
2376,Dorchester County
2377,Edgefield County
2378,Fairfield County
2379,Florence County
2380,Georgetown County
2381,Greenville County
2382,Greenwood County
2383,Hampton County
2384,Horry County
2385,Jasper County
2386,Kershaw County
2387,Lancaster County
2388,Laurens County
2389,Lee County
2390,Lexington County
2391,McCormick County
2392,Marion County
2393,Marlboro County
2394,Newberry County
2395,Oconee County
2396,Orangeburg County
2397,Pickens County
2398,Richland County
2399,Saluda County
2400,Spartanburg County
2401,Sumter County
2402,Union County
2403,Williamsburg County
2404,York County
2405,South Dakota
2406,Aurora County
2407,Beadle County
2408,Bennett County
2409,Bon Homme County
2410,Brookings County
2411,Brown County
2412,Brule County
2413,Buffalo County
2414,Butte County
2415,Campbell County
2416,Charles Mix County
2417,Clark County
2418,Clay County
2419,Codington County
2420,Corson County
2421,Custer County
2422,Davison County
2423,Day County
2424,Deuel County
2425,Dewey County
2426,Douglas County
2427,Edmunds County
2428,Fall River County
2429,Faulk County
2430,Grant County
2431,Gregory County
2432,Haakon County
2433,Hamlin County
2434,Hand County
2435,Hanson County
2436,Harding County
2437,Hughes County
2438,Hutchinson County
2439,Hyde County
2440,Jackson County
2441,Jerauld County
2442,Jones County
2443,Kingsbury County
2444,Lake County
2445,Lawrence County
2446,Lincoln County
2447,Lyman County
2448,McCook County
2449,McPherson County
2450,Marshall County
2451,Meade County
2452,Mellette County
2453,Miner County
2454,Minnehaha County
2455,Moody County
2456,Pennington County
2457,Perkins County
2458,Potter County
2459,Roberts County
2460,Sanborn County
2461,Spink County
2462,Stanley County
2463,Sully County
2464,Todd County
2465,Tripp County
2466,Turner County
2467,Union County
2468,Walworth County
2469,Yankton County
2470,Ziebach County
2471,Tennessee
2472,Anderson County
2473,Bedford County
2474,Benton County
2475,Bledsoe County
2476,Blount County
2477,Bradley County
2478,Campbell County
2479,Cannon County
2480,Carroll County
2481,Carter County
2482,Cheatham County
2483,Chester County
2484,Claiborne County
2485,Clay County
2486,Cocke County
2487,Coffee County
2488,Crockett County
2489,Cumberland County
2490,Davidson County
2491,Decatur County
2492,DeKalb County
2493,Dickson County
2494,Dyer County
2495,Fayette County
2496,Fentress County
2497,Franklin County
2498,Gibson County
2499,Giles County
2500,Grainger County
2501,Greene County
2502,Grundy County
2503,Hamblen County
2504,Hamilton County
2505,Hancock County
2506,Hardeman County
2507,Hardin County
2508,Hawkins County
2509,Haywood County
2510,Henderson County
2511,Henry County
2512,Hickman County
2513,Houston County
2514,Humphreys County
2515,Jackson County
2516,Jefferson County
2517,Johnson County
2518,Knox County
2519,Lake County
2520,Lauderdale County
2521,Lawrence County
2522,Lewis County
2523,Lincoln County
2524,Loudon County
2525,McMinn County
2526,McNairy County
2527,Macon County
2528,Madison County
2529,Marion County
2530,Marshall County
2531,Maury County
2532,Meigs County
2533,Monroe County
2534,Montgomery County
2535,Moore County
2536,Morgan County
2537,Obion County
2538,Overton County
2539,Perry County
2540,Pickett County
2541,Polk County
2542,Putnam County
2543,Rhea County
2544,Roane County
2545,Robertson County
2546,Rutherford County
2547,Scott County
2548,Sequatchie County
2549,Sevier County
2550,Shelby County
2551,Smith County
2552,Stewart County
2553,Sullivan County
2554,Sumner County
2555,Tipton County
2556,Trousdale County
2557,Unicoi County
2558,Union County
2559,Van Buren County
2560,Warren County
2561,Washington County
2562,Wayne County
2563,Weakley County
2564,White County
2565,Williamson County
2566,Wilson County
2567,Texas
2568,Anderson County
2569,Andrews County
2570,Angelina County
2571,Aransas County
2572,Archer County
2573,Armstrong County
2574,Atascosa County
2575,Austin County
2576,Bailey County
2577,Bandera County
2578,Bastrop County
2579,Baylor County
2580,Bee County
2581,Bell County
2582,Bexar County
2583,Blanco County
2584,Borden County
2585,Bosque County
2586,Bowie County
2587,Brazoria County
2588,Brazos County
2589,Brewster County
2590,Briscoe County
2591,Brooks County
2592,Brown County
2593,Burleson County
2594,Burnet County
2595,Caldwell County
2596,Calhoun County
2597,Callahan County
2598,Cameron County
2599,Camp County
2600,Carson County
2601,Cass County
2602,Castro County
2603,Chambers County
2604,Cherokee County
2605,Childress County
2606,Clay County
2607,Cochran County
2608,Coke County
2609,Coleman County
2610,Collin County
2611,Collingsworth County
2612,Colorado County
2613,Comal County
2614,Comanche County
2615,Concho County
2616,Cooke County
2617,Coryell County
2618,Cottle County
2619,Crane County
2620,Crockett County
2621,Crosby County
2622,Culberson County
2623,Dallam County
2624,Dallas County
2625,Dawson County
2626,Deaf Smith County
2627,Delta County
2628,Denton County
2629,DeWitt County
2630,Dickens County
2631,Dimmit County
2632,Donley County
2633,Duval County
2634,Eastland County
2635,Ector County
2636,Edwards County
2637,Ellis County
2638,El Paso County
2639,Erath County
2640,Falls County
2641,Fannin County
2642,Fayette County
2643,Fisher County
2644,Floyd County
2645,Foard County
2646,Fort Bend County
2647,Franklin County
2648,Freestone County
2649,Frio County
2650,Gaines County
2651,Galveston County
2652,Garza County
2653,Gillespie County
2654,Glasscock County
2655,Goliad County
2656,Gonzales County
2657,Gray County
2658,Grayson County
2659,Gregg County
2660,Grimes County
2661,Guadalupe County
2662,Hale County
2663,Hall County
2664,Hamilton County
2665,Hansford County
2666,Hardeman County
2667,Hardin County
2668,Harris County
2669,Harrison County
2670,Hartley County
2671,Haskell County
2672,Hays County
2673,Hemphill County
2674,Henderson County
2675,Hidalgo County
2676,Hill County
2677,Hockley County
2678,Hood County
2679,Hopkins County
2680,Houston County
2681,Howard County
2682,Hudspeth County
2683,Hunt County
2684,Hutchinson County
2685,Irion County
2686,Jack County
2687,Jackson County
2688,Jasper County
2689,Jeff Davis County
2690,Jefferson County
2691,Jim Hogg County
2692,Jim Wells County
2693,Johnson County
2694,Jones County
2695,Karnes County
2696,Kaufman County
2697,Kendall County
2698,Kenedy County
2699,Kent County
2700,Kerr County
2701,Kimble County
2702,King County
2703,Kinney County
2704,Kleberg County
2705,Knox County
2706,Lamar County
2707,Lamb County
2708,Lampasas County
2709,La Salle County
2710,Lavaca County
2711,Lee County
2712,Leon County
2713,Liberty County
2714,Limestone County
2715,Lipscomb County
2716,Live Oak County
2717,Llano County
2718,Loving County
2719,Lubbock County
2720,Lynn County
2721,McCulloch County
2722,McLennan County
2723,McMullen County
2724,Madison County
2725,Marion County
2726,Martin County
2727,Mason County
2728,Matagorda County
2729,Maverick County
2730,Medina County
2731,Menard County
2732,Midland County
2733,Milam County
2734,Mills County
2735,Mitchell County
2736,Montague County
2737,Montgomery County
2738,Moore County
2739,Morris County
2740,Motley County
2741,Nacogdoches County
2742,Navarro County
2743,Newton County
2744,Nolan County
2745,Nueces County
2746,Ochiltree County
2747,Oldham County
2748,Orange County
2749,Palo Pinto County
2750,Panola County
2751,Parker County
2752,Parmer County
2753,Pecos County
2754,Polk County
2755,Potter County
2756,Presidio County
2757,Rains County
2758,Randall County
2759,Reagan County
2760,Real County
2761,Red River County
2762,Reeves County
2763,Refugio County
2764,Roberts County
2765,Robertson County
2766,Rockwall County
2767,Runnels County
2768,Rusk County
2769,Sabine County
2770,San Augustine County
2771,San Jacinto County
2772,San Patricio County
2773,San Saba County
2774,Schleicher County
2775,Scurry County
2776,Shackelford County
2777,Shelby County
2778,Sherman County
2779,Smith County
2780,Somervell County
2781,Starr County
2782,Stephens County
2783,Sterling County
2784,Stonewall County
2785,Sutton County
2786,Swisher County
2787,Tarrant County
2788,Taylor County
2789,Terrell County
2790,Terry County
2791,Throckmorton County
2792,Titus County
2793,Tom Green County
2794,Travis County
2795,Trinity County
2796,Tyler County
2797,Upshur County
2798,Upton County
2799,Uvalde County
2800,Val Verde County
2801,Van Zandt County
2802,Victoria County
2803,Walker County
2804,Waller County
2805,Ward County
2806,Washington County
2807,Webb County
2808,Wharton County
2809,Wheeler County
2810,Wichita County
2811,Wilbarger County
2812,Willacy County
2813,Williamson County
2814,Wilson County
2815,Winkler County
2816,Wise County
2817,Wood County
2818,Yoakum County
2819,Young County
2820,Zapata County
2821,Zavala County
2822,Utah
2823,Beaver County
2824,Box Elder County
2825,Cache County
2826,Carbon County
2827,Daggett County
2828,Davis County
2829,Duchesne County
2830,Emery County
2831,Garfield County
2832,Grand County
2833,Iron County
2834,Juab County
2835,Kane County
2836,Millard County
2837,Morgan County
2838,Piute County
2839,Rich County
2840,Salt Lake County
2841,San Juan County
2842,Sanpete County
2843,Sevier County
2844,Summit County
2845,Tooele County
2846,Uintah County
2847,Utah County
2848,Wasatch County
2849,Washington County
2850,Wayne County
2851,Weber County
2852,Vermont
2853,Addison County
2854,Bennington County
2855,Caledonia County
2856,Chittenden County
2857,Essex County
2858,Franklin County
2859,Grand Isle County
2860,Lamoille County
2861,Orange County
2862,Orleans County
2863,Rutland County
2864,Washington County
2865,Windham County
2866,Windsor County
2867,Virginia
2868,Accomack County
2869,Albemarle County
2870,Alleghany County
2871,Amelia County
2872,Amherst County
2873,Appomattox County
2874,Arlington County
2875,Augusta County
2876,Bath County
2877,Bedford County
2878,Bland County
2879,Botetourt County
2880,Brunswick County
2881,Buchanan County
2882,Buckingham County
2883,Campbell County
2884,Caroline County
2885,Carroll County
2886,Charles City County
2887,Charlotte County
2888,Chesterfield County
2889,Clarke County
2890,Craig County
2891,Culpeper County
2892,Cumberland County
2893,Dickenson County
2894,Dinwiddie County
2895,Essex County
2896,Fairfax County
2897,Fauquier County
2898,Floyd County
2899,Fluvanna County
2900,Franklin County
2901,Frederick County
2902,Giles County
2903,Gloucester County
2904,Goochland County
2905,Grayson County
2906,Greene County
2907,Greensville County
2908,Halifax County
2909,Hanover County
2910,Henrico County
2911,Henry County
2912,Highland County
2913,Isle of Wight County
2914,James City County
2915,King and Queen County
2916,King George County
2917,King William County
2918,Lancaster County
2919,Lee County
2920,Loudoun County
2921,Louisa County
2922,Lunenburg County
2923,Madison County
2924,Mathews County
2925,Mecklenburg County
2926,Middlesex County
2927,Montgomery County
2928,Nelson County
2929,New Kent County
2930,Northampton County
2931,Northumberland County
2932,Nottoway County
2933,Orange County
2934,Page County
2935,Patrick County
2936,Pittsylvania County
2937,Powhatan County
2938,Prince Edward County
2939,Prince George County
2940,Prince William County
2941,Pulaski County
2942,Rappahannock County
2943,Richmond County
2944,Roanoke County
2945,Rockbridge County
2946,Rockingham County
2947,Russell County
2948,Scott County
2949,Shenandoah County
2950,Smyth County
2951,Southampton County
2952,Spotsylvania County
2953,Stafford County
2954,Surry County
2955,Sussex County
2956,Tazewell County
2957,Warren County
2958,Washington County
2959,Westmoreland County
2960,Wise County
2961,Wythe County
2962,York County
2963,Alexandria city
2964,Bristol city
2965,Buena Vista city
2966,Charlottesville city
2967,Chesapeake city
2968,Colonial Heights city
2969,Covington city
2970,Danville city
2971,Emporia city
2972,Fairfax city
2973,Falls Church city
2974,Franklin city
2975,Fredericksburg city
2976,Galax city
2977,Hampton city
2978,Harrisonburg city
2979,Hopewell city
2980,Lexington city
2981,Lynchburg city
2982,Manassas city
2983,Manassas Park city
2984,Martinsville city
2985,Newport News city
2986,Norfolk city
2987,Norton city
2988,Petersburg city
2989,Poquoson city
2990,Portsmouth city
2991,Radford city
2992,Richmond city
2993,Roanoke city
2994,Salem city
2995,Staunton city
2996,Suffolk city
2997,Virginia Beach city
2998,Waynesboro city
2999,Williamsburg city
3000,Winchester city
3001,Washington
3002,Adams County
3003,Asotin County
3004,Benton County
3005,Chelan County
3006,Clallam County
3007,Clark County
3008,Columbia County
3009,Cowlitz County
3010,Douglas County
3011,Ferry County
3012,Franklin County
3013,Garfield County
3014,Grant County
3015,Grays Harbor County
3016,Island County
3017,Jefferson County
3018,King County
3019,Kitsap County
3020,Kittitas County
3021,Klickitat County
3022,Lewis County
3023,Lincoln County
3024,Mason County
3025,Okanogan County
3026,Pacific County
3027,Pend Oreille County
3028,Pierce County
3029,San Juan County
3030,Skagit County
3031,Skamania County
3032,Snohomish County
3033,Spokane County
3034,Stevens County
3035,Thurston County
3036,Wahkiakum County
3037,Walla Walla County
3038,Whatcom County
3039,Whitman County
3040,Yakima County
3041,West Virginia
3042,Barbour County
3043,Berkeley County
3044,Boone County
3045,Braxton County
3046,Brooke County
3047,Cabell County
3048,Calhoun County
3049,Clay County
3050,Doddridge County
3051,Fayette County
3052,Gilmer County
3053,Grant County
3054,Greenbrier County
3055,Hampshire County
3056,Hancock County
3057,Hardy County
3058,Harrison County
3059,Jackson County
3060,Jefferson County
3061,Kanawha County
3062,Lewis County
3063,Lincoln County
3064,Logan County
3065,McDowell County
3066,Marion County
3067,Marshall County
3068,Mason County
3069,Mercer County
3070,Mineral County
3071,Mingo County
3072,Monongalia County
3073,Monroe County
3074,Morgan County
3075,Nicholas County
3076,Ohio County
3077,Pendleton County
3078,Pleasants County
3079,Pocahontas County
3080,Preston County
3081,Putnam County
3082,Raleigh County
3083,Randolph County
3084,Ritchie County
3085,Roane County
3086,Summers County
3087,Taylor County
3088,Tucker County
3089,Tyler County
3090,Upshur County
3091,Wayne County
3092,Webster County
3093,Wetzel County
3094,Wirt County
3095,Wood County
3096,Wyoming County
3097,Wisconsin
3098,Adams County
3099,Ashland County
3100,Barron County
3101,Bayfield County
3102,Brown County
3103,Buffalo County
3104,Burnett County
3105,Calumet County
3106,Chippewa County
3107,Clark County
3108,Columbia County
3109,Crawford County
3110,Dane County
3111,Dodge County
3112,Door County
3113,Douglas County
3114,Dunn County
3115,Eau Claire County
3116,Florence County
3117,Fond du Lac County
3118,Forest County
3119,Grant County
3120,Green County
3121,Green Lake County
3122,Iowa County
3123,Iron County
3124,Jackson County
3125,Jefferson County
3126,Juneau County
3127,Kenosha County
3128,Kewaunee County
3129,La Crosse County
3130,Lafayette County
3131,Langlade County
3132,Lincoln County
3133,Manitowoc County
3134,Marathon County
3135,Marinette County
3136,Marquette County
3137,Menominee County
3138,Milwaukee County
3139,Monroe County
3140,Oconto County
3141,Oneida County
3142,Outagamie County
3143,Ozaukee County
3144,Pepin County
3145,Pierce County
3146,Polk County
3147,Portage County
3148,Price County
3149,Racine County
3150,Richland County
3151,Rock County
3152,Rusk County
3153,St. Croix County
3154,Sauk County
3155,Sawyer County
3156,Shawano County
3157,Sheboygan County
3158,Taylor County
3159,Trempealeau County
3160,Vernon County
3161,Vilas County
3162,Walworth County
3163,Washburn County
3164,Washington County
3165,Waukesha County
3166,Waupaca County
3167,Waushara County
3168,Winnebago County
3169,Wood County
3170,Wyoming
3171,Albany County
3172,Big Horn County
3173,Campbell County
3174,Carbon County
3175,Converse County
3176,Crook County
3177,Fremont County
3178,Goshen County
3179,Hot Springs County
3180,Johnson County
3181,Laramie County
3182,Lincoln County
3183,Natrona County
3184,Niobrara County
3185,Park County
3186,Platte County
3187,Sheridan County
3188,Sublette County
3189,Sweetwater County
3190,Teton County
3191,Uinta County
3192,Washakie County
3193,Weston County
3194,Puerto Rico
3195,Adjuntas Municipio
3196,Aguada Municipio
3197,Aguadilla Municipio
3198,Aguas Buenas Municipio
3199,Aibonito Municipio
